 ,Area,Mean,Min,Max,XM,YM,Major,Minor,Angle,Slice
1,959,255,255,255,215.455,405.279,0.000,0.000,0.000,1
2,1196,255,255,255,213.595,529.152,0.000,0.000,0.000,1
3,954,255,255,255,1480.884,554.116,0.000,0.000,0.000,1
4,948,255,255,255,218.918,652.133,0.000,0.000,0.000,1
5,987,255,255,255,1481.658,681.285,0.000,0.000,0.000,1
6,987,255,255,255,215.051,784.973,0.000,0.000,0.000,1
7,1005,255,255,255,1483.222,805.898,0.000,0.000,0.000,1
8,1025,255,255,255,219.594,897.581,0.000,0.000,0.000,1
9,1223,255,255,255,1480.466,917.232,0.000,0.000,0.000,1
10,892,255,255,255,221.213,1032.161,0.000,0.000,0.000,1
11,1028,255,255,255,1483.377,1045.950,0.000,0.000,0.000,1
12,1159,255,255,255,222.115,1158.472,0.000,0.000,0.000,1
13,989,255,255,255,1481.421,1162.220,0.000,0.000,0.000,1
14,996,255,255,255,1485.579,1297.758,0.000,0.000,0.000,1
15,961,255,255,255,200.625,355.819,39.601,30.898,19.335,2
16,1145,255,255,255,204.070,479.920,41.074,35.493,15.565,2
17,942,255,255,255,214.732,602.352,36.389,32.960,82.201,2
18,958,255,255,255,1467.840,610.953,38.593,31.606,42.388,2
19,970,255,255,255,216.856,734.684,37.590,32.856,43.202,2
20,961,255,255,255,1474.132,737.728,37.432,32.688,34.389,2
21,1020,255,255,255,226.388,847.508,38.698,33.560,178.492,2
22,976,255,255,255,1481.528,861.951,37.110,33.486,69.821,2
23,1212,255,255,255,1483.569,974.249,41.873,36.854,176.389,2
24,886,255,255,255,233.924,981.888,35.478,31.797,29.897,2
25,979,255,255,255,1492.439,1102.054,37.088,33.609,64.345,2
26,1129,255,255,255,240.162,1107.775,45.107,31.868,59.677,2
27,987,255,255,255,1495.438,1218.337,36.641,34.297,42.714,2
28,987,255,255,255,1505.568,1353.236,35.870,35.035,91.922,2
29,1004,255,255,255,206.297,401.811,40.760,31.363,14.389,3
30,1166,255,255,255,203.963,526.099,41.533,35.745,12.111,3
31,984,255,255,255,1482.210,552.775,38.815,32.278,39.358,3
32,982,255,255,255,209.932,649.372,38.026,32.881,82.745,3
33,1002,255,255,255,1483.135,680.452,38.539,33.104,33.384,3
34,1001,255,255,255,205.900,781.772,39.455,32.303,37.840,3
35,1028,255,255,255,1484.965,804.697,38.238,34.230,59.154,3
36,1043,255,255,255,210.722,894.372,38.743,34.277,2.476,3
37,1217,255,255,255,1482.065,916.608,42.628,36.350,176.984,3
38,933,255,255,255,212.810,1028.686,35.645,33.327,27.791,3
39,1032,255,255,255,1484.898,1045.342,37.401,35.132,59.697,3
40,1179,255,255,255,214.012,1155.148,45.722,32.832,57.716,3
41,1042,255,255,255,1483.059,1161.845,37.841,35.060,23.490,3
42,1005,255,255,255,1487.117,1296.874,36.417,35.138,82.171,3
43,946,255,255,255,227.352,453.142,40.562,29.695,10.897,4
44,935,255,255,255,1502.156,499.906,38.564,30.870,38.761,4
45,1171,255,255,255,218.973,577.637,41.556,35.878,7.885,4
46,929,255,255,255,1497.650,626.960,37.208,31.790,32.039,4
47,978,255,255,255,219.563,700.163,36.867,33.777,86.167,4
48,1001,255,255,255,1493.272,751.612,37.325,34.146,60.205,4
49,971,255,255,255,209.284,832.234,38.991,31.707,39.509,4
50,1197,255,255,255,1485.206,863.273,41.753,36.502,173.208,4
51,1038,255,255,255,209.507,945.473,39.026,33.865,175.561,4
52,1047,255,255,255,1482.233,991.385,38.059,35.027,69.292,4
53,888,255,255,255,205.021,1079.740,35.757,31.620,20.613,4
54,1003,255,255,255,1474.915,1107.915,37.250,34.284,26.663,4
55,1165,255,255,255,200.524,1205.617,45.840,32.359,49.847,4
56,995,255,255,255,1472.996,1243.067,36.163,35.032,83.634,4
57,979,255,255,255,216.685,409.941,39.911,31.232,15.363,5
58,1187,255,255,255,214.016,533.763,41.368,36.534,7.808,5
59,977,254.739,0,255,1487.061,554.039,38.731,32.118,37.841,5
60,977,255,255,255,219.384,656.342,37.316,33.336,87.170,5
61,1012,255,255,255,1487.558,680.941,38.645,33.342,31.381,5
62,1000,255,255,255,215.418,788.778,39.454,32.271,37.877,5
63,1024,255,255,255,1488.869,805.545,38.064,34.253,65.322,5
64,1022,255,255,255,219.569,901.950,38.076,34.175,173.936,5
65,1280,255,255,255,1485.922,917.324,42.736,38.135,174.362,5
66,922,255,255,255,221.099,1036.669,36.185,32.443,32.112,5
67,1036,255,255,255,1488.255,1045.992,37.570,35.110,66.329,5
68,1177,255,255,255,221.820,1162.298,45.539,32.908,55.448,5
69,1023,255,255,255,1486.601,1162.251,37.030,35.175,33.848,5
70,1001,255,255,255,1490.449,1297.725,36.527,34.892,97.321,5
71,974,255,255,255,182.370,405.806,39.629,31.294,12.272,6
72,1182,255,255,255,179.822,529.958,41.691,36.098,10.143,6
73,959,255,255,255,1514.113,553.744,39.267,31.095,46.035,6
74,954,255,255,255,185.609,652.803,36.694,33.103,85.819,6
75,985,255,255,255,1515.088,681.034,37.850,33.135,31.590,6
76,989,255,255,255,181.683,784.991,38.601,32.621,33.955,6
77,991,255,255,255,1516.944,805.813,37.334,33.797,59.522,6
78,1035,255,255,255,186.410,897.869,38.505,34.224,1.496,6
79,1219,255,255,255,1513.655,917.198,42.809,36.256,173.296,6
80,869,255,255,255,188.182,1032.919,34.661,31.922,29.735,6
81,1034,255,255,255,1516.829,1046.104,38.157,34.503,69.599,6
82,1156,255,255,255,189.496,1158.593,44.612,32.993,57.405,6
83,1015,255,255,255,1514.939,1162.696,37.532,34.433,38.427,6
84,1000,255,255,255,1518.913,1297.296,36.209,35.164,88.900,6
85,980,252.918,0,255,223.033,408.014,40.136,31.089,10.322,7
86,1181,255,255,255,220.635,532.741,41.110,36.577,10.077,7
87,1002,255,255,255,1480.450,554.926,40.127,31.793,41.595,7
88,967,255,255,255,226.237,655.065,37.327,32.985,85.303,7
89,993,255,255,255,1481.156,681.927,38.237,33.066,29.013,7
90,1013,255,255,255,222.178,787.330,39.562,32.602,42.294,7
91,1020,255,255,255,1482.347,806.526,37.776,34.379,56.965,7
92,1046,255,255,255,226.988,900.792,38.849,34.281,173.892,7
93,1218,255,255,255,1478.869,917.984,42.244,36.711,179.100,7
94,898,255,255,255,228.189,1035.012,36.552,31.280,36.979,7
95,1049,255,255,255,1481.706,1047.048,37.783,35.350,70.701,7
96,1156,255,255,255,228.920,1161.109,45.084,32.647,55.393,7
97,1007,255,255,255,1479.427,1163.318,37.123,34.538,30.294,7
98,1014,255,255,255,1483.086,1298.267,36.217,35.648,82.958,7
99,959,255,255,255,257.071,409.223,39.986,30.537,14.456,8
100,1176,255,255,255,254.615,533.365,41.119,36.415,11.620,8
101,987,255,255,255,1446.497,555.169,39.871,31.519,40.602,8
102,958,255,255,255,260.035,655.820,37.269,32.728,78.786,8
103,985,255,255,255,1447.155,682.202,37.558,33.392,34.124,8
104,986,255,255,255,255.782,788.116,38.637,32.493,41.319,8
105,987,255,255,255,1448.562,806.732,36.964,33.997,57.124,8
106,1043,255,255,255,260.535,901.496,39.083,33.978,173.859,8
107,1260,255,255,255,1445.213,918.422,42.463,37.781,175.876,8
108,903,255,255,255,261.912,1035.666,35.699,32.206,20.061,8
109,1027,255,255,255,1447.755,1046.808,37.379,34.983,77.669,8
110,1151,255,255,255,262.978,1161.534,45.278,32.366,56.184,8
111,994,255,255,255,1445.537,1163.444,36.710,34.476,38.833,8
112,1006,255,255,255,1449.476,1298.382,36.555,35.040,82.822,8
113,966,255,255,255,214.963,405.920,40.346,30.485,12.398,9
114,1178,255,255,255,212.829,530.093,41.756,35.920,10.191,9
115,985,255,255,255,1479.994,554.997,39.915,31.420,34.840,9
116,959,255,255,255,218.288,652.924,37.373,32.672,86.088,9
117,988,255,255,255,1480.953,681.642,37.386,33.648,33.937,9
118,997,255,255,255,214.437,785.188,39.057,32.502,42.047,9
119,993,255,255,255,1482.617,806.450,37.294,33.901,64.170,9
120,1029,255,255,255,219.097,898.097,38.624,33.921,174.738,9
121,1264,255,255,255,1479.267,918.054,42.962,37.460,176.134,9
122,903,255,255,255,220.580,1032.657,35.372,32.504,20.799,9
123,1011,255,255,255,1482.762,1046.717,37.324,34.489,73.505,9
124,1146,255,255,255,221.608,1158.626,45.934,31.766,55.463,9
125,992,255,255,255,1480.734,1163.274,36.738,34.380,29.098,9
126,990,255,255,255,1485.040,1298.463,36.047,34.968,76.544,9
127,959,255,255,255,197.578,353.299,40.099,30.451,18.267,10
128,1186,255,255,255,201.356,477.837,41.767,36.154,4.964,10
129,969,255,255,255,212.461,599.919,36.758,33.565,78.160,10
130,964,255,255,255,1464.297,612.163,40.012,30.676,43.795,10
131,979,255,255,255,213.988,732.749,38.265,32.576,43.074,10
132,978,255,255,255,1471.002,738.992,37.065,33.596,32.206,10
133,1048,255,255,255,224.104,845.280,39.143,34.089,176.349,10
134,993,255,255,255,1478.184,863.228,37.667,33.566,57.503,10
135,1242,255,255,255,1480.506,975.706,42.121,37.543,177.821,10
136,906,255,255,255,231.576,979.618,35.909,32.124,27.251,10
137,1136,255,255,255,238.030,1105.556,44.464,32.530,59.079,10
138,1019,255,255,255,1489.195,1103.554,37.245,34.835,71.386,10
139,1005,255,255,255,1492.537,1219.774,37.248,34.354,34.421,10
140,1022,255,255,255,1503.248,1354.555,36.775,35.384,80.226,10
141,981,255,255,255,205.360,401.067,40.056,31.182,11.031,11
142,1206,255,255,255,203.602,525.617,41.732,36.795,13.213,11
143,985,255,255,255,1481.317,553.142,39.787,31.522,38.775,11
144,984,255,255,255,208.853,648.566,37.535,33.378,84.716,11
145,1024,255,255,255,1482.374,680.524,38.712,33.679,31.796,11
146,997,255,255,255,205.292,781.037,39.147,32.427,39.248,11
147,1035,255,255,255,1484.064,805.108,38.369,34.345,60.617,11
148,1033,255,255,255,210.293,894.122,38.837,33.866,179.340,11
149,1262,255,255,255,1481.217,916.604,43.093,37.287,175.946,11
150,935,255,255,255,212.195,1028.293,36.290,32.804,24.811,11
151,1072,255,255,255,1484.247,1045.202,38.438,35.509,69.314,11
152,1158,255,255,255,212.991,1154.381,45.745,32.231,54.821,11
153,1038,255,255,255,1482.316,1161.986,37.663,35.091,32.637,11
154,1033,255,255,255,1486.694,1297.004,36.816,35.726,96.983,11
155,973,255,255,255,226.571,453.892,39.953,31.008,15.544,12
156,976,255,255,255,1503.645,500.542,39.762,31.253,39.750,12
157,1184,255,255,255,219.389,578.357,41.593,36.245,5.120,12
158,1010,255,255,255,1498.476,627.427,38.336,33.544,30.211,12
159,992,255,255,255,219.439,701.509,37.749,33.459,80.122,12
160,1022,255,255,255,1494.160,751.953,37.889,34.344,48.616,12
161,1000,255,255,255,209.446,833.278,38.663,32.932,40.199,12
162,1226,255,255,255,1486.312,863.032,42.376,36.837,170.540,12
163,1050,255,255,255,209.452,946.499,39.040,34.244,173.896,12
164,1057,255,255,255,1483.325,991.560,38.291,35.147,66.261,12
165,933,255,255,255,204.827,1080.770,36.206,32.811,26.528,12
166,1029,255,255,255,1476.074,1108.228,37.705,34.748,39.901,12
167,1190,255,255,255,200.666,1206.430,45.714,33.145,52.629,12
168,1024,255,255,255,1473.842,1243.278,36.997,35.241,81.923,12
169,953,255,255,255,214.990,408.500,40.077,30.277,11.387,13
170,1189,255,255,255,213.365,532.865,42.146,35.920,7.554,13
171,984,255,255,255,1486.575,554.413,39.536,31.689,43.355,13
172,955,255,255,255,218.373,655.860,36.841,33.006,88.034,13
173,992,255,255,255,1487.393,681.542,37.778,33.433,33.826,13
174,989,255,255,255,214.493,787.721,38.900,32.371,38.038,13
175,1037,255,255,255,1488.398,806.560,38.338,34.440,61.817,13
176,1038,255,255,255,219.389,900.708,39.094,33.807,171.294,13
177,1242,255,255,255,1485.403,918.001,42.688,37.045,178.767,13
178,913,255,255,255,220.734,1035.660,36.294,32.029,20.441,13
179,1023,255,255,255,1488.297,1046.755,37.356,34.868,68.976,13
180,1174,255,255,255,221.737,1161.206,45.866,32.590,53.368,13
181,1007,255,255,255,1486.426,1163.173,37.390,34.292,32.066,13
182,1013,255,255,255,1490.458,1298.301,36.771,35.076,83.979,13
183,978,255,255,255,181.810,404.417,40.401,30.821,10.960,14
184,1185,255,255,255,179.221,529.308,41.284,36.547,6.479,14
185,930,255,255,255,1512.733,555.001,37.884,31.256,43.649,14
186,949,255,255,255,184.949,651.305,37.132,32.541,77.001,14
187,979,255,255,255,1513.580,682.007,37.801,32.975,29.068,14
188,991,255,255,255,181.280,784.064,38.526,32.752,44.034,14
189,994,255,255,255,1515.344,806.771,37.963,33.337,59.291,14
190,1044,255,255,255,186.557,896.860,39.084,34.010,170.443,14
191,1208,255,255,255,1512.597,918.238,42.064,36.565,0.079,14
192,882,255,255,255,187.806,1031.646,35.096,31.998,25.637,14
193,1019,255,255,255,1515.266,1046.737,37.670,34.442,75.407,14
194,1182,255,255,255,189.288,1157.563,45.382,33.163,54.662,14
195,1021,255,255,255,1513.602,1163.376,37.946,34.259,30.329,14
196,1029,255,255,255,1517.958,1298.344,36.732,35.668,87.978,14
197,961,255,255,255,222.492,407.004,39.770,30.766,15.254,15
198,1233,255,255,255,220.295,531.644,42.011,37.369,6.714,15
199,984,255,255,255,1479.928,555.931,39.546,31.681,41.202,15
200,970,255,255,255,225.806,654.399,36.701,33.651,74.731,15
201,997,255,255,255,1480.484,682.861,38.312,33.134,30.992,15
202,1008,255,255,255,221.623,786.796,39.437,32.544,38.667,15
203,1032,255,255,255,1481.750,807.193,38.660,33.988,57.874,15
204,1035,255,255,255,226.508,899.794,38.353,34.360,170.785,15
205,1242,255,255,255,1478.552,918.741,43.075,36.712,177.095,15
206,896,255,255,255,227.901,1034.426,35.536,32.104,37.477,15
207,1028,255,255,255,1481.205,1047.482,37.440,34.960,58.858,15
208,1184,255,255,255,229.029,1160.294,46.074,32.720,58.180,15
209,1003,255,255,255,1479.285,1163.754,37.391,34.154,35.045,15
210,1034,255,255,255,1482.934,1298.973,37.373,35.227,85.267,15
211,983,255,255,255,254.449,407.224,40.178,31.151,9.178,16
212,1192,255,255,255,252.373,530.682,41.855,36.261,11.058,16
213,991,255,255,255,1445.993,554.700,39.853,31.661,37.078,16
214,985,255,255,255,258.052,653.535,37.686,33.279,77.119,16
215,1039,255,255,255,1446.968,682.338,39.095,33.838,31.783,16
216,1027,255,255,255,254.371,786.246,39.861,32.805,33.156,16
217,1030,255,255,255,1448.355,806.764,37.998,34.514,48.303,16
218,1042,255,255,255,258.719,899.374,38.795,34.198,175.899,16
219,1247,255,255,255,1444.891,918.686,42.572,37.295,172.828,16
220,924,255,255,255,260.156,1033.258,36.808,31.962,23.866,16
221,1063,255,255,255,1447.697,1046.847,37.941,35.673,66.895,16
222,1187,255,255,255,261.751,1159.766,45.874,32.945,55.033,16
223,1045,255,255,255,1445.598,1163.660,37.904,35.102,28.118,16
224,1044,255,255,255,1449.523,1298.785,36.908,36.016,98.334,16
225,983,255,255,255,214.564,404.633,40.738,30.723,13.030,17
226,1184,255,255,255,212.660,528.874,42.362,35.586,3.737,17
227,998,255,255,255,1481.173,554.978,39.497,32.172,44.432,17
228,960,255,255,255,218.696,652.242,36.338,33.637,87.565,17
229,990,255,255,255,1482.469,682.079,38.428,32.802,37.026,17
230,1012,255,255,255,214.590,784.444,38.937,33.092,34.992,17
231,996,255,255,255,1484.041,806.647,37.789,33.558,61.082,17
232,1033,255,255,255,219.353,897.558,39.124,33.618,166.165,17
233,1239,255,255,255,1480.923,918.191,42.854,36.812,0.297,17
234,907,255,255,255,220.930,1032.030,36.057,32.028,29.151,17
235,1038,255,255,255,1484.092,1046.907,37.890,34.880,68.429,17
236,1139,255,255,255,222.215,1157.955,45.238,32.058,53.587,17
237,991,255,255,255,1482.435,1163.555,37.207,33.912,31.032,17
238,994,255,255,255,1486.285,1298.603,36.145,35.015,64.433,17
239,980,255,255,255,195.020,350.539,40.695,30.662,18.096,18
240,1168,255,255,255,198.670,474.602,41.332,35.981,8.233,18
241,1006,255,255,255,210.079,597.074,38.028,33.683,80.733,18
242,980,255,255,255,1463.124,613.174,39.349,31.710,47.135,18
243,1000,255,255,255,212.084,729.781,39.094,32.568,41.626,18
244,1019,255,255,255,1470.034,739.659,38.575,33.634,37.778,18
245,1061,255,255,255,222.188,842.554,39.211,34.452,174.755,18
246,1017,255,255,255,1477.623,864.432,37.575,34.462,63.810,18
247,1210,255,255,255,1480.019,975.888,42.052,36.636,179.833,18
248,919,255,255,255,229.965,976.327,36.182,32.340,21.221,18
249,1181,255,255,255,236.923,1102.612,45.715,32.893,57.710,18
250,1026,255,255,255,1488.863,1104.181,37.443,34.889,74.355,18
251,1012,255,255,255,1492.398,1220.806,36.807,35.007,31.374,18
252,1017,255,255,255,1502.764,1355.310,36.418,35.557,88.140,18
253,997,255,255,255,204.552,399.616,40.563,31.295,11.748,19
254,1203,255,255,255,202.572,523.866,42.885,35.717,12.196,19
255,981,255,255,255,1482.112,552.942,39.856,31.339,41.572,19
256,988,255,255,255,208.460,646.732,36.625,34.347,89.893,19
257,996,255,255,255,1482.666,680.666,37.924,33.439,36.151,19
258,1041,255,255,255,204.809,779.189,39.843,33.267,35.633,19
259,1024,255,255,255,1484.520,805.021,38.588,33.788,62.328,19
260,1074,255,255,255,210.035,892.169,39.753,34.399,171.139,19
261,1234,255,255,255,1481.613,916.714,42.491,36.977,0.253,19
262,946,255,255,255,211.650,1026.353,36.624,32.888,28.752,19
263,1047,255,255,255,1484.670,1045.482,37.553,35.499,66.142,19
264,1175,255,255,255,213.214,1152.615,44.966,33.271,54.475,19
265,1017,255,255,255,1482.907,1161.686,37.440,34.585,32.584,19
266,1019,255,255,255,1487.128,1296.840,36.700,35.352,92.202,19
267,971,255,255,255,226.614,453.762,39.852,31.022,11.244,20
268,989,255,255,255,1502.491,499.879,38.929,32.347,41.080,20
269,1181,255,255,255,219.065,577.636,41.838,35.941,6.148,20
270,992,255,255,255,1497.716,626.728,37.975,33.260,28.380,20
271,967,255,255,255,219.165,700.688,36.842,33.419,72.476,20
272,1047,255,255,255,1493.541,751.258,38.870,34.296,53.260,20
273,1003,255,255,255,209.640,832.421,39.873,32.029,36.512,20
274,1248,255,255,255,1485.332,862.695,42.435,37.446,176.852,20
275,1079,255,255,255,209.324,945.716,40.483,33.936,174.560,20
276,1059,255,255,255,1482.489,991.086,38.121,35.371,73.360,20
277,902,255,255,255,204.469,1080.055,35.721,32.151,22.264,20
278,1012,255,255,255,1475.247,1107.605,37.209,34.629,21.008,20
279,1168,255,255,255,200.200,1206.237,45.961,32.357,53.443,20
280,1015,255,255,255,1473.129,1242.986,36.207,35.693,52.232,20
281,970,255,255,255,215.446,408.694,40.464,30.522,16.324,21
282,1188,255,255,255,213.458,533.437,41.279,36.644,10.222,21
283,997,255,255,255,1486.334,553.893,39.067,32.494,41.944,21
284,956,255,255,255,219.341,655.572,36.564,33.290,79.167,21
285,975,255,255,255,1487.112,680.726,37.851,32.797,34.628,21
286,989,255,255,255,214.491,788.487,39.217,32.109,40.798,21
287,999,255,255,255,1488.431,805.311,38.156,33.336,55.094,21
288,1064,255,255,255,219.880,901.488,40.120,33.767,174.783,21
289,1230,255,255,255,1485.259,917.122,43.138,36.304,175.004,21
290,914,255,255,255,221.054,1035.928,36.246,32.107,30.922,21
291,1041,255,255,255,1488.090,1045.832,37.278,35.555,75.507,21
292,1151,255,255,255,221.652,1162.236,45.320,32.337,54.993,21
293,1005,255,255,255,1486.021,1162.191,37.319,34.288,40.808,21
294,1000,255,255,255,1490.191,1297.156,36.363,35.015,79.418,21
295,984,255,255,255,181.343,404.793,40.719,30.768,10.084,22
296,1218,255,255,255,178.937,529.152,42.565,36.434,6.783,22
297,936,255,255,255,1514.278,553.876,38.478,30.972,41.149,22
298,965,255,255,255,184.426,652.211,36.392,33.762,85.848,22
299,973,255,255,255,1515.679,681.101,37.492,33.044,35.023,22
300,1008,255,255,255,180.514,784.455,39.904,32.162,35.794,22
301,996,255,255,255,1516.822,805.610,36.986,34.287,58.284,22
302,1047,255,255,255,185.890,897.776,39.413,33.824,174.610,22
303,1211,255,255,255,1514.234,917.009,42.297,36.454,178.421,22
304,909,255,255,255,187.112,1031.832,35.401,32.693,20.167,22
305,1026,255,255,255,1517.199,1045.967,37.016,35.291,53.656,22
306,1172,255,255,255,188.765,1158.178,45.393,32.874,54.214,22
307,981,255,255,255,1514.929,1162.285,36.969,33.787,32.007,22
308,1011,255,255,255,1519.283,1297.298,36.555,35.213,76.135,22
309,982,255,255,255,223.070,408.687,40.586,30.807,18.565,23
310,1200,255,255,255,220.655,533.097,41.511,36.807,8.286,23
311,958,255,255,255,1480.556,554.939,39.240,31.085,44.793,23
312,975,255,255,255,226.039,655.659,36.995,33.556,85.483,23
313,976,255,255,255,1480.960,682.026,37.481,33.155,31.088,23
314,992,255,255,255,222.079,788.194,38.895,32.474,36.684,23
315,1019,255,255,255,1482.008,806.639,38.016,34.129,58.556,23
316,1054,255,255,255,226.740,901.056,39.352,34.103,176.195,23
317,1226,255,255,255,1478.780,918.099,42.236,36.959,174.786,23
318,886,255,255,255,227.897,1035.816,35.507,31.771,24.552,23
319,1027,255,255,255,1481.520,1046.789,37.162,35.187,75.394,23
320,1150,255,255,255,228.789,1161.610,45.232,32.372,56.548,23
321,1013,255,255,255,1479.468,1163.049,37.176,34.695,28.940,23
322,1032,255,255,255,1483.017,1298.618,36.899,35.611,59.848,23
323,1006,255,255,255,256.326,408.730,40.564,31.576,15.433,24
324,1167,255,255,255,254.143,532.814,41.182,36.080,7.880,24
325,949,255,255,255,1446.438,555.052,38.674,31.243,40.411,24
326,953,255,255,255,259.302,655.515,36.497,33.247,77.119,24
327,991,255,255,255,1447.367,681.668,37.791,33.388,30.523,24
328,994,255,255,255,255.175,787.790,38.710,32.695,35.890,24
329,1004,255,255,255,1448.337,806.282,37.955,33.680,61.695,24
330,1040,255,255,255,260.123,900.732,39.320,33.677,164.676,24
331,1233,255,255,255,1445.015,917.783,42.444,36.988,175.994,24
332,920,255,255,255,261.292,1035.312,36.483,32.108,18.561,24
333,1031,255,255,255,1447.523,1046.683,37.480,35.024,66.489,24
334,1141,255,255,255,261.698,1161.270,44.825,32.410,57.422,24
335,988,255,255,255,1445.424,1162.930,36.831,34.155,38.510,24
336,1008,255,255,255,1449.062,1298.307,36.744,34.929,109.138,24
337,954,255,255,255,214.806,405.162,40.213,30.206,15.034,25
338,1167,255,255,255,212.759,529.502,41.698,35.634,5.546,25
339,974,255,255,255,1481.651,553.843,39.706,31.233,38.893,25
340,955,255,255,255,218.293,652.432,36.647,33.180,87.686,25
341,970,255,255,255,1482.352,681.284,38.016,32.488,26.789,25
342,995,255,255,255,214.679,784.767,39.528,32.050,36.557,25
343,980,255,255,255,1483.996,805.846,37.190,33.551,64.888,25
344,1034,255,255,255,219.393,897.727,38.975,33.779,176.884,25
345,1215,255,255,255,1480.954,917.448,42.328,36.548,1.693,25
346,886,255,255,255,220.927,1031.953,35.688,31.610,21.598,25
347,1028,255,255,255,1483.903,1046.131,37.331,35.062,76.636,25
348,1173,255,255,255,222.273,1158.274,45.477,32.841,53.082,25
349,996,255,255,255,1481.808,1162.550,37.004,34.271,25.901,25
350,996,255,255,255,1486.143,1297.805,36.349,34.888,76.105,25
351,967,255,255,255,197.626,352.631,40.011,30.772,17.144,26
352,1178,255,255,255,201.208,477.040,41.303,36.314,12.182,26
353,943,255,255,255,212.379,598.977,36.361,33.021,88.432,26
354,955,255,255,255,1465.798,611.461,38.788,31.348,46.123,26
355,983,255,255,255,214.023,731.724,38.532,32.482,38.687,26
356,980,255,255,255,1472.434,738.558,38.377,32.513,33.551,26
357,1026,255,255,255,223.865,844.442,38.964,33.527,172.948,26
358,968,255,255,255,1479.916,862.935,37.128,33.195,71.719,26
359,1252,255,255,255,1481.887,974.629,42.324,37.664,0.801,26
360,890,255,255,255,231.800,978.717,35.254,32.143,32.714,26
361,1034,255,255,255,1490.467,1102.687,37.838,34.794,65.633,26
362,1138,255,255,255,238.239,1104.468,44.982,32.211,56.506,26
363,996,255,255,255,1494.122,1219.056,37.245,34.048,30.697,26
364,989,255,255,255,1504.125,1353.937,36.181,34.804,95.052,26
365,968,255,255,255,205.832,401.802,39.983,30.826,14.094,27
366,1192,255,255,255,204.354,526.345,41.269,36.776,7.708,27
367,973,255,255,255,1483.695,553.763,39.733,31.180,44.150,27
368,975,255,255,255,210.162,649.116,37.043,33.512,86.006,27
369,993,255,255,255,1484.511,680.392,37.746,33.496,36.802,27
370,993,255,255,255,206.014,781.584,38.101,33.183,41.773,27
371,1006,255,255,255,1486.161,804.929,37.892,33.803,58.879,27
372,1045,255,255,255,210.996,894.403,39.028,34.092,176.420,27
373,1250,255,255,255,1483.390,916.775,42.782,37.202,170.584,27
374,912,255,255,255,212.795,1028.791,35.830,32.408,22.522,27
375,1037,255,255,255,1485.963,1045.220,37.380,35.322,72.004,27
376,1174,255,255,255,214.088,1155.106,45.137,33.116,56.428,27
377,1010,255,255,255,1484.254,1161.680,37.516,34.278,34.915,27
378,977,255,255,255,1488.519,1296.726,35.997,34.557,79.915,27
379,971,255,255,255,227.160,453.584,40.699,30.377,11.324,28
380,940,255,255,255,1503.938,499.213,38.969,30.713,41.119,28
381,1167,255,255,255,219.722,578.014,40.937,36.296,3.046,28
382,984,255,255,255,1498.863,626.643,37.619,33.304,28.934,28
383,985,255,255,255,219.596,700.914,37.495,33.448,86.674,28
384,1018,255,255,255,1494.519,751.001,37.809,34.282,46.195,28
385,980,255,255,255,209.682,832.758,38.790,32.168,35.899,28
386,1215,255,255,255,1486.136,862.387,42.236,36.627,175.314,28
387,1033,255,255,255,209.765,945.829,38.765,33.929,171.271,28
388,1039,255,255,255,1483.521,990.937,37.960,34.850,68.522,28
389,902,255,255,255,205.304,1080.264,35.655,32.210,19.932,28
390,993,255,255,255,1476.230,1107.326,36.831,34.328,22.121,28
391,1173,255,255,255,200.889,1206.044,45.850,32.574,52.680,28
392,1004,255,255,255,1473.927,1242.354,36.459,35.062,89.962,28
393,978,255,255,255,215.856,409.376,40.047,31.094,14.621,29
394,1193,255,255,255,213.630,533.699,41.488,36.612,5.153,29
395,981,255,255,255,1487.201,554.104,40.357,30.950,47.638,29
396,969,255,255,255,219.164,656.324,36.928,33.410,79.484,29
397,996,255,255,255,1488.251,681.127,38.005,33.368,27.492,29
398,998,255,255,255,214.905,788.596,39.271,32.357,37.171,29
399,1014,255,255,255,1488.916,805.746,38.428,33.597,70.375,29
400,1036,255,255,255,219.363,902.078,38.652,34.127,170.161,29
401,1207,255,255,255,1486.126,917.820,42.375,36.267,177.171,29
402,883,255,255,255,220.257,1036.088,34.796,32.311,32.455,29
403,1041,255,255,255,1488.785,1046.036,37.900,34.972,67.102,29
404,1182,255,255,255,221.909,1161.962,45.411,33.141,54.709,29
405,999,255,255,255,1486.799,1162.464,36.939,34.434,28.294,29
406,1005,255,255,255,1490.613,1297.581,36.586,34.975,78.406,29
407,1000,255,255,255,180.357,404.536,41.313,30.819,13.841,30
408,1212,255,255,255,178.823,529.158,41.817,36.903,6.463,30
409,984,255,255,255,1516.084,553.695,39.118,32.028,41.668,30
410,947,255,255,255,183.750,651.607,36.430,33.098,71.140,30
411,969,255,255,255,1517.163,681.144,37.664,32.758,31.614,30
412,1011,255,255,255,179.818,784.213,39.252,32.795,39.612,30
413,999,255,255,255,1518.595,805.678,37.727,33.715,60.524,30
414,1045,255,255,255,185.157,897.237,39.177,33.962,176.793,30
415,1214,255,255,255,1515.699,917.352,42.329,36.516,175.750,30
416,899,255,255,255,186.875,1031.913,36.396,31.450,19.600,30
417,1032,255,255,255,1518.564,1045.933,37.402,35.131,69.443,30
418,1171,255,255,255,187.757,1157.806,45.746,32.593,53.337,30
419,1009,255,255,255,1516.694,1162.615,37.288,34.454,27.590,30
420,1012,255,255,255,1521.170,1297.479,36.418,35.381,104.349,30
421,980,255,255,255,222.691,407.849,39.703,31.428,15.441,31
422,1181,255,255,255,220.491,532.136,40.937,36.732,12.723,31
423,982,255,255,255,1479.864,554.776,39.448,31.695,40.255,31
424,972,255,255,255,226.022,655.090,37.454,33.043,81.232,31
425,1015,255,255,255,1480.543,682.045,38.160,33.867,27.267,31
426,1013,255,255,255,221.860,787.460,38.991,33.079,34.903,31
427,1014,255,255,255,1481.574,806.685,38.181,33.814,53.607,31
428,1028,255,255,255,226.345,900.492,38.789,33.743,175.304,31
429,1240,255,255,255,1478.195,917.987,42.270,37.350,174.814,31
430,891,255,255,255,227.886,1035.107,35.544,31.917,28.798,31
431,1040,255,255,255,1481.147,1046.792,37.542,35.272,75.948,31
432,1184,255,255,255,228.949,1161.008,45.511,33.124,54.617,31
433,1002,255,255,255,1478.849,1163.358,37.417,34.097,35.483,31
434,1021,255,255,255,1482.773,1298.579,36.779,35.346,78.589,31
435,976,255,255,255,255.792,407.476,40.861,30.413,12.494,32
436,1158,255,255,255,253.275,531.918,41.062,35.907,7.715,32
437,946,255,255,255,1446.130,555.212,39.037,30.855,41.515,32
438,948,255,255,255,258.858,654.393,37.082,32.551,78.293,32
439,954,255,255,255,1446.623,681.979,36.960,32.864,30.450,32
440,973,255,255,255,254.536,786.421,38.722,31.994,37.849,32
441,1003,255,255,255,1448.067,806.542,37.698,33.876,60.697,32
442,1028,255,255,255,259.438,900.105,38.346,34.134,176.930,32
443,1220,255,255,255,1444.648,918.066,42.296,36.726,173.614,32
444,877,255,255,255,260.759,1034.507,35.249,31.679,24.451,32
445,1022,255,255,255,1447.219,1047.100,36.770,35.389,69.585,32
446,1173,255,255,255,261.754,1160.376,45.497,32.826,56.034,32
447,983,255,255,255,1445.089,1163.391,37.107,33.730,31.711,32
448,990,255,255,255,1448.972,1298.225,36.147,34.871,98.598,32
449,981,255,255,255,214.828,404.385,40.188,31.080,15.961,33
450,1183,255,255,255,212.993,528.725,41.929,35.924,9.171,33
451,992,255,255,255,1480.743,554.374,39.225,32.201,41.485,33
452,950,255,255,255,218.419,651.541,36.745,32.918,71.370,33
453,1005,255,255,255,1482.119,681.523,38.052,33.628,32.823,33
454,991,255,255,255,214.470,783.937,38.397,32.862,33.339,33
455,1001,255,255,255,1483.426,806.141,37.305,34.165,57.155,33
456,1053,255,255,255,219.692,896.946,39.359,34.064,170.439,33
457,1239,255,255,255,1480.431,917.987,41.983,37.576,173.928,33
458,901,255,255,255,220.742,1031.180,35.600,32.225,16.954,33
459,1008,255,255,255,1483.428,1046.392,37.156,34.542,58.030,33
460,1160,255,255,255,222.302,1157.103,45.134,32.724,54.554,33
461,1005,255,255,255,1481.599,1162.698,36.733,34.835,32.622,33
462,1017,255,255,255,1485.709,1297.661,36.373,35.600,68.107,33
463,983,255,255,255,196.894,352.212,40.239,31.104,20.521,34
464,1157,255,255,255,200.842,476.145,41.055,35.882,11.669,34
465,941,255,255,255,211.635,598.255,37.068,32.323,84.723,34
466,960,255,255,255,1465.670,612.038,39.052,31.299,42.647,34
467,1012,255,255,255,213.847,731.230,38.786,33.221,40.224,34
468,982,255,255,255,1472.492,738.571,38.131,32.791,32.554,34
469,1034,255,255,255,223.566,843.882,38.563,34.140,173.355,34
470,982,255,255,255,1479.627,863.142,37.141,33.664,69.084,34
471,1227,255,255,255,1481.709,975.168,42.070,37.135,179.741,34
472,921,255,255,255,231.437,977.866,35.247,33.270,45.078,34
473,1152,255,255,255,238.164,1103.796,45.412,32.299,57.502,34
474,1008,255,255,255,1490.832,1103.149,37.507,34.218,68.494,34
475,986,255,255,255,1493.738,1219.633,36.525,34.371,40.562,34
476,1005,255,255,255,1504.428,1354.119,36.885,34.692,93.604,34
477,979,255,255,255,206.020,401.051,40.845,30.518,15.052,35
478,1175,255,255,255,203.827,524.733,41.248,36.269,7.561,35
479,1010,254.748,0,255,1484.076,552.774,39.875,32.250,41.620,35
480,999,255,255,255,209.484,648.310,37.757,33.688,80.890,35
481,1021,255,255,255,1484.894,679.926,38.417,33.839,28.977,35
482,986,255,255,255,205.736,780.581,38.904,32.270,40.453,35
483,1050,255,255,255,1486.547,804.556,38.669,34.573,53.324,35
484,1050,255,255,255,210.530,893.739,38.913,34.356,179.393,35
485,1252,255,255,255,1483.596,916.184,42.979,37.090,178.693,35
486,904,255,255,255,212.165,1027.930,35.185,32.713,15.604,35
487,1074,255,255,255,1486.513,1044.588,38.043,35.945,69.161,35
488,1145,255,255,255,213.237,1154.269,45.502,32.039,56.897,35
489,1041,255,255,255,1484.339,1161.171,37.887,34.984,19.780,35
490,1021,255,255,255,1488.550,1296.334,36.743,35.381,99.131,35
491,949,255,255,255,227.538,453.900,40.300,29.983,10.697,36
492,946,255,255,255,1504.484,499.006,38.379,31.384,43.703,36
493,1175,255,255,255,219.685,578.155,41.098,36.402,4.924,36
494,951,255,255,255,1499.402,626.329,37.015,32.713,27.008,36
495,963,255,255,255,219.691,701.008,36.347,33.734,68.202,36
496,1004,255,255,255,1494.983,750.968,37.908,33.722,54.098,36
497,996,255,255,255,210.024,833.160,39.251,32.308,30.872,36
498,1197,255,255,255,1486.831,862.407,41.904,36.370,173.076,36
499,1004,255,255,255,209.851,946.109,38.941,32.827,171.061,36
500,996,255,255,255,1483.895,990.480,37.065,34.214,62.620,36
501,897,255,255,255,205.304,1080.624,36.072,31.661,12.549,36
502,996,255,255,255,1476.717,1107.238,37.172,34.116,34.692,36
503,1178,255,255,255,200.710,1206.320,45.963,32.632,50.888,36
504,977,255,255,255,1474.111,1242.460,35.648,34.895,101.486,36
505,1001,255,255,255,216.210,409.691,40.607,31.387,13.779,37
506,1172,255,255,255,213.990,534.037,41.135,36.277,7.123,37
507,982,255,255,255,1487.724,553.556,39.685,31.506,42.462,37
508,976,255,255,255,219.274,656.323,36.971,33.613,77.179,37
509,998,255,255,255,1488.326,681.011,38.267,33.206,39.635,37
510,994,255,255,255,215.066,788.749,39.087,32.379,35.663,37
511,1001,255,255,255,1489.695,805.300,37.455,34.027,58.332,37
512,1060,255,255,255,219.516,901.666,39.342,34.305,177.086,37
513,1245,255,255,255,1486.354,916.852,42.405,37.382,173.786,37
514,904,255,255,255,221.011,1036.388,36.225,31.774,24.830,37
515,1028,255,255,255,1489.341,1045.672,37.448,34.952,69.694,37
516,1176,255,255,255,221.485,1162.164,45.727,32.745,56.207,37
517,1014,255,255,255,1487.083,1161.918,37.598,34.339,23.864,37
518,998,255,255,255,1491.175,1296.927,36.477,34.836,73.909,37
519,938,254.728,0,255,182.828,405.475,39.626,30.139,16.240,38
520,1190,255,255,255,180.455,530.252,41.451,36.553,9.017,38
521,972,255,255,255,1516.302,553.605,39.121,31.635,45.343,38
522,969,255,255,255,186.092,652.261,36.320,33.970,81.157,38
523,973,255,255,255,1516.576,680.150,37.537,33.004,23.576,38
524,990,255,255,255,182.160,784.815,38.960,32.354,37.478,38
525,1023,255,255,255,1518.141,805.233,37.935,34.335,68.397,38
526,1032,255,255,255,186.965,897.777,38.992,33.699,175.923,38
527,1209,255,255,255,1515.087,916.563,42.409,36.298,178.673,38
528,900,255,255,255,188.282,1032.544,35.456,32.319,23.053,38
529,1032,255,255,255,1518.197,1045.537,37.840,34.725,77.581,38
530,1178,255,255,255,189.728,1158.231,45.059,33.287,54.447,38
531,1002,255,255,255,1516.185,1162.073,37.024,34.459,41.047,38
532,999,255,255,255,1520.028,1297.051,36.451,34.895,92.137,38
533,937,255,255,255,223.021,409.612,39.042,30.558,14.309,39
534,1163,255,255,255,220.710,533.373,41.644,35.558,11.912,39
535,991,255,255,255,1481.142,554.833,39.729,31.760,43.221,39
536,985,255,255,255,226.007,656.297,37.238,33.679,79.969,39
537,983,255,255,255,1481.552,681.493,37.629,33.262,32.277,39
538,979,255,255,255,221.794,788.656,38.591,32.300,33.952,39
539,1016,255,255,255,1482.654,806.450,38.038,34.009,65.189,39
540,1036,255,255,255,226.432,901.283,38.808,33.990,176.565,39
541,1251,255,255,255,1479.575,917.873,42.557,37.428,176.291,39
542,896,255,255,255,227.691,1036.257,35.115,32.488,19.433,39
543,1037,255,255,255,1481.968,1046.328,37.475,35.232,64.013,39
544,1177,255,255,255,228.959,1161.923,45.410,33.001,53.527,39
545,998,255,255,255,1479.830,1163.075,37.020,34.325,32.264,39
546,1021,255,255,255,1483.164,1298.197,36.339,35.774,136.653,39
547,976,255,255,255,256.945,409.274,40.861,30.413,13.338,40
548,1163,254.561,0,255,254.750,532.994,41.994,35.262,4.343,40
549,941,255,255,255,1446.266,554.216,39.083,30.656,41.279,40
550,961,255,255,255,260.374,656.217,36.938,33.125,81.829,40
551,997,255,255,255,1446.614,681.827,38.139,33.284,31.001,40
552,990,255,255,255,255.746,788.708,39.139,32.206,35.488,40
553,979,255,255,255,1447.720,806.205,37.614,33.139,59.630,40
554,1049,255,255,255,260.747,901.701,39.530,33.788,178.367,40
555,1208,255,255,255,1444.577,917.764,41.964,36.652,177.643,40
556,908,255,255,255,262.069,1035.981,36.088,32.036,29.253,40
557,1037,255,255,255,1447.114,1046.395,37.830,34.902,72.428,40
558,1161,255,255,255,262.798,1162.032,44.818,32.983,54.355,40
559,994,255,255,255,1444.797,1163.020,37.204,34.018,31.346,40
560,998,255,255,255,1448.576,1298.283,36.204,35.098,72.328,40
561,925,255,255,255,215.341,405.682,39.718,29.653,12.644,41
562,1138,255,255,255,213.076,530.004,40.839,35.479,4.024,41
563,945,255,255,255,1482.813,553.905,38.506,31.247,41.387,41
564,945,255,255,255,218.898,652.633,36.774,32.720,79.158,41
565,987,255,255,255,1483.687,680.892,38.034,33.041,40.553,41
566,969,255,255,255,214.739,785.276,38.453,32.085,34.460,41
567,982,255,255,255,1484.989,805.509,37.888,33.001,61.182,41
568,1020,255,255,255,219.544,898.055,38.717,33.543,172.575,41
569,1178,255,255,255,1482.196,917.167,41.970,35.737,1.844,41
570,876,255,255,255,220.711,1032.772,35.412,31.497,28.628,41
571,986,255,255,255,1484.820,1045.773,36.589,34.311,64.979,41
572,1138,255,255,255,221.834,1158.627,44.643,32.457,54.627,41
573,990,255,255,255,1482.772,1162.333,37.075,33.999,26.161,41
574,981,255,255,255,1486.938,1297.667,36.205,34.500,73.357,41
